HIIREGID,RA,DEC,EWHa6562,fluxHb4861,e_fluxHb4861,fluxOIII5006,e_fluxOIII5006,fluxHa6562,e_fluxHa6562,fluxNII6583,e_fluxNII6583,fluxSII6716,e_fluxSII6716,fluxSII6730,e_fluxSII6730
NGC0309-1,14.17124478639766,-9.907410102787944,82.82649722661985,52.79156177954681,0.3536988252247405,26.5664058266083,0.4818885976936297,162.4899231440233,0.3147116843182376,50.42075834496767,0.3155794653986172,22.80620985089321,0.3156375982062417,18.936091294925205,0.382292243312106
NGC0309-2,14.174416164792753,-9.907475388938773,82.86108240499587,41.33777321817258,0.3236879104546823,6.883989814019184,0.3418101263032719,186.67853326436625,0.3312003864611218,64.7615178747647,0.3348704670720113,23.93059299015758,0.2608843686567344,17.34965106419837,0.2605996057802188
NGC0309-3,14.17593896055279,-9.907375858350497,80.39113783102377,40.60856555610545,0.3760182468312582,5.716200632913496,0.4165067831977792,165.42245652272442,0.2772678271251856,52.28185577681768,0.313112076098695,19.834800214254415,0.2740617319466579,11.744296673202864,0.3002072891920779
NGC0309-4,14.172160154417488,-9.915075038839245,58.53164052276784,37.21181490167776,0.2985675040399539,4.803335281097802,0.3170374656007203,139.30704144084478,0.2733776304401519,44.4834718582764,0.2989503082223984,16.247965533383532,0.2789998404381395,10.93743055964719,0.2979268272567996
NGC0309-5,14.173811588172857,-9.908754341356154,53.9289460522547,28.85007345492736,0.3057314196999673,3.5578873683697227,0.3011146897416426,104.5880170332167,0.2608076841386421,36.32167332038004,0.269566714463482,10.690757413062506,0.2307062896829254,7.816055573253335,0.2564191088587371
NGC0309-6,14.175956108654958,-9.904782029562927,84.82508316065844,27.47165444645412,0.4417760098666373,11.391956115573018,0.3337249517961128,96.5269561739643,0.3515391218725128,30.819882578263957,0.3796896793399858,10.891892125089788,0.3691683027050649,9.06940949225345,0.4205546004838081
NGC0309-7,14.166621061272664,-9.913023220813848,46.774102038097375,30.27611742743856,0.4236937005471085,11.854342756535182,0.4698534525383199,90.66156780885794,0.2851948644285581,26.686640125627463,0.2727882644566137,14.609657189354513,0.2880833531544713,11.894124531275033,0.3089584899589945
NGC0309-8,14.173077823151432,-9.9146746664877,43.47228655107272,23.861173593276163,0.2436801198503437,1.359710611959548,0.2406762728116109,97.9728556676767,0.2407743041287424,27.97150918016937,0.2299267072263264,10.259400290892463,0.4227207539535224,7.434447267497,0.2705546078914813
NGC0309-9,14.177733889049906,-9.913846586840304,4.375073032228765,22.63106530085757,0.4908812249999672,13.31719215522262,0.5390976827025237,78.45045087075071,0.4688361319131948,49.71815941922313,0.4624821019503475,11.445059089113691,0.5320412401652282,9.292492523694044,0.788081400865848
NGC0309-10,14.181606866896637,-9.91439314256464,32.517945172991304,17.363443865309304,0.2794550575371869,2.6219686191861094,0.29674946895307,66.69053338208467,0.1928608409347306,19.0329765359494,0.2084082675708403,4.299470946330343,0.232047221416299,2.95620967978758,0.2351551716000579
NGC0309-11,14.174113820721866,-9.920683094989789,56.14093448259491,19.918082780035046,0.3120001964999485,5.901102889826781,0.2921335244778397,61.81841943745727,0.2570513951461596,21.089368001399198,0.2695356934361397,9.98232004837292,0.2512223817814539,7.338148891390302,0.2895268729766844
NGC0309-12,14.169503167491614,-9.908867951785108,49.69323466317916,13.5395321938307,0.3005976512893205,6.599134288246962,0.2684506559086959,51.85912319677964,0.2393010135692369,17.82949426955405,0.2484494427917259,8.25997126517483,0.2615405524707699,5.64351863582266,0.3090748396004413
NGC0309-13,14.175403644757708,-9.919081136686795,32.57233301017303,13.488989280099482,0.2595383343103135,0.8373737001245226,0.2458001952497883,58.83833347420192,0.2187902536736982,19.59496160091971,0.1817824619041327,5.477826619100289,0.2039094296503507,3.690450250681384,0.2500077382119004
NGC0309-14,14.174722237252428,-9.921358033411057,58.97350449138213,10.792421646017326,0.2268074477299315,3.104459213078778,0.2448683017452695,56.45140373658172,0.1990164437885885,19.545826189980865,0.1680357651992756,8.050148635125655,0.1841251951018146,6.791976636823826,0.1924813797637619
NGC0309-15,14.175727267553365,-9.906198967933484,58.205131913283374,19.94270336579583,0.3068390346558403,5.683345368485861,0.3535198291426329,73.76508415893987,0.2345238785961201,22.8943188079138,0.2706043879230628,10.786165738546508,0.2442459183004716,9.135324784175312,0.2403260779908232
NGC0309-16,14.177705018937822,-9.904554084903962,61.51445289236152,14.784308627950091,0.4573122542265012,6.181220204020726,0.3699084644782565,54.37292089593786,0.2746920445189825,16.04628358805128,0.3453254747282997,8.767090570921503,0.2719819367505827,5.844859099082699,0.3515451007453453
NGC0309-17,14.18569051950576,-9.911528211967315,54.677427527154784,8.309732954449604,0.4277755922170405,3.410552351896908,0.5083183865571776,40.6156711039368,0.3157879732562931,11.60549408779676,0.345202570033055,3.5900437230644666,0.3959193355749232,4.942807051451113,0.4054417416357047
NGC0309-18,14.178280287504588,-9.920663539917754,34.13045165503458,9.60835961400573,0.3304691728995166,1.4087265294771871,0.2542450048480709,51.04550435708236,0.2772875142093554,18.23214808554808,0.2530050350578974,5.742543213114852,0.3053587558853319,5.118263359139946,0.2868528844549503
NGC0309-19,14.16978952712935,-9.90973239829753,49.14145574543956,11.267273739300082,0.2772264117254174,2.8565083688156423,0.2422111522006886,50.95105639448681,0.1753954204919521,17.79897511350808,0.2028173352995038,6.933577729281753,0.2205551387913704,5.62138409538929,0.2710344310451844
NGC0309-20,14.169234679961129,-9.911644253075176,55.25508894457245,11.259782182285784,0.2335174647784845,2.0112462922448118,0.2683746773219433,40.81218552159116,0.1893411248479821,14.295453144518506,0.1986310485478858,6.77135907897759,0.2093461014930505,5.18514431705056,0.2150003836949753
NGC0309-21,14.180280717555377,-9.921019073904157,37.02094351450384,9.955535716626976,0.3130532049798633,1.3979610151434243,0.2631559414639244,43.09591067309484,0.239024629845377,14.475678187325874,0.2354901193777775,3.1854198735862003,0.2887769546675406,3.513610017165133,0.2307298720090019
NGC0309-22,14.178593517790862,-9.908211017927554,38.72383972670996,11.322809221806072,0.4271131637825215,1.0097079516706482,0.2731785739972468,43.32418031009668,0.3009077220724121,15.051061985236537,0.2768127629242469,4.029517641635667,0.2586405365411774,1.819642126247816,0.2369787022204046
NGC0309-23,14.168887056913004,-9.908172865071734,66.6315175803652,15.46798547365969,0.2951440563572676,12.763955207401873,0.3401095317701214,54.05226134871989,0.2661732169054023,14.455856608085954,0.2965234243721809,4.870400856344641,0.6662160257701977,5.589423999932812,0.4195020919101458
NGC0309-24,14.182458361878044,-9.908518701995606,37.762145899910514,9.709083312644044,0.985464415130734,-4.18317472245681,1.4123159431411672,39.04541986292527,0.5454747784884711,10.056704759754346,0.6222933365435196,0.9741987817526484,0.6601663780452048,3.6562746434027473,0.8027469936586654
NGC0309-25,14.180050961627211,-9.908599938587855,36.57975817244206,11.792488360722244,0.3351124450795981,1.2891265756697976,0.3142874815505128,49.05832057363367,0.2319006050142944,16.226180408540664,0.273149252444513,5.872789078941799,0.3063709763074477,2.914413849169327,0.6725816771407275
NGC0309-26,14.170454097453735,-9.908522833015304,39.46602178663455,12.98972298613538,0.2520859940439392,5.540761738276682,0.2676083594345635,49.28029357767773,0.2267340697688475,17.785905547041512,0.281464031193208,6.317532967824967,0.2471200711794947,4.51176460548355,0.2841792955705492
NGC0309-27,14.17379115799535,-9.921521932479482,55.508334813082215,10.86936116842084,0.2493871163051737,3.114373693896725,0.2301446434130241,50.11021593020519,0.2066714543964608,18.281414900223467,0.188859395990004,9.1859340883855,0.1925666847708486,7.202146942810113,0.2070023498677759
NGC0309-28,14.179362203399602,-9.920722715118377,34.33568724200954,8.09585773558971,0.256617294490471,0.9958167834159306,0.229763648655009,30.17086768683226,0.2184047854394669,10.712407086795368,0.1845217865757934,3.3846686409269235,0.2366064621619633,2.574674652527776,0.2096560710863098
NGC0309-29,14.180881817355187,-9.921622888002611,35.3077788643872,3.989499475313836,0.2505204139369346,0.6643658210069304,0.192379548929049,31.65804183299545,0.1717374892335117,11.610762776014449,0.1603382030773882,4.044009527295927,0.1731622912858796,2.923284055969293,0.1765336521475311
NGC0309-30,14.173219873287689,-9.920536744261575,45.9322613555572,8.624002246303736,0.3112338887258313,2.980093022044624,0.3401735533654869,38.38252411412155,0.2848414994554905,14.853760851494307,0.2748706487664329,10.23246056821137,0.3657944839998214,5.518916643496724,0.3606347081477663
NGC0309-31,14.177675281908328,-9.907796602321916,36.274562954454446,11.855675798113031,0.3448311056737702,0.6918175830325201,0.2698763614937812,42.778598197056425,0.2400013318240431,14.411621496025331,0.2403134777002885,4.448955835403324,0.2658359518469592,2.4932455784848644,0.2400223809235159
NGC0309-32,14.173056683484836,-9.915791696428762,34.00879866163908,12.320625393048456,0.4549082654822709,1.1780588943703558,0.2259766907914845,53.147415204589,0.2277982333952569,16.703755875512325,0.2249248380962306,5.5935491353790106,0.277292712020455,4.119792650625495,0.2886570318684477
NGC0309-33,14.173257537891628,-9.917009536758323,21.012562764390125,7.562674913532605,0.2570845246596662,2.0732010683499515,0.2456674009886882,28.42005189369129,0.1796755575066132,10.805934119162872,0.1961158427483406,3.5181362996133543,0.1931900097050655,1.9045341471608497,0.2120049387547441
NGC0309-34,14.180859762907456,-9.91526962124201,18.728374414263094,9.957072617559788,0.2433681488282029,1.2609308625420077,0.2657011987774008,37.2203733862418,0.2090056249361699,11.253735452739992,0.1979804730958077,1.7103228442710547,0.2351057888546735,1.678023586217426,0.2187117236175889
NGC0309-35,14.18139958414336,-9.909646334127425,23.86919170655993,8.478925443263083,0.2774034369560208,1.2893139478501512,0.3519191161737617,33.67889283297942,0.2525278049630231,9.544905924114545,0.2574004155214606,2.859078855675849,0.2431625683033496,0.668621624945449,0.2530663617652538
NGC0309-36,14.177838949070312,-9.916433132938652,17.29339617848846,7.978223383970365,0.2879032467201404,1.5335394722302431,0.2579465864078407,33.586361883092124,0.2473171386360832,8.700279530798081,0.2622472194524994,2.051416123168557,0.40079596417125,-0.0398834708196324,0.2831463308319615
NGC0309-37,14.172937224354897,-9.913309911263632,23.421235607564785,9.379968023989518,0.2767071888087659,0.8226498717009612,0.2058722401413591,39.14506252727804,0.2230961925675298,10.93411103457898,0.214963119313272,1.8842856504338867,0.2662468842231567,2.9284183924451592,0.3519083810080653
NGC0309-38,14.172243766984993,-9.916888378332978,25.766505010443225,9.497646913192952,0.2606246315788328,2.482464763616695,0.2799448210390565,33.73736524883662,0.2145062063811287,12.103935320291528,0.2349647900073318,2.925954598760105,0.230698068258769,2.2831235172792863,0.2627554469157925
NGC0309-39,14.180829303537749,-9.907784940779766,32.581550053596914,8.156400522555003,0.3011751517484626,2.742815433028712,0.2867883335626868,30.39399772231709,0.254050257891022,10.97565744722878,0.2376317958837114,2.795418542973721,0.2637865799357411,1.69205934112233,0.2499510425745513
NGC0309-40,14.174664254724837,-9.90603133785588,40.18936800611039,10.41336252033594,0.2656891160663565,1.8637481323374836,0.3154802844886226,38.34604891201273,0.2377808147358144,13.178457391906866,0.2287141657489658,5.656591570636321,0.2469259822616647,5.7107463386862864,0.248044743710209
NGC0309-41,14.16929219546182,-9.912304393611429,45.605081915935685,12.662337065551744,0.2378026000236578,1.837200036012743,0.3526185830476165,39.75547136497445,0.2142449538324521,11.403856851573195,0.2198909709954191,7.223018451687183,0.3137817787430194,3.663645536309577,0.2913299968572631
NGC0309-42,14.18175309447762,-9.913250000844958,19.116282571569368,10.180584378343084,0.218221536476823,0.7923274570855197,0.2339049890841484,35.27980989541854,0.1753947292456505,12.451895516860318,0.2007263369580555,4.147435840176518,0.2478008849437761,2.3502439275691915,0.2611978297715925
NGC0309-43,14.17553574382315,-9.919896130456411,21.61960504483963,5.386381064502343,0.2253634076687714,1.0185714249402948,0.2329523875446405,33.46272157192695,0.2335539661960526,12.026010797016973,0.240326035167647,4.654284295403506,0.2789729896645215,2.8040332221386755,0.3369618000002155
NGC0309-44,14.185881850159891,-9.912519595602609,,4.42670539424947,0.5102017077801453,1.068342964483221,0.6517152132876814,25.636396449369347,0.3568829206824008,10.471148726084287,0.3725290696367229,3.527953318180285,0.4329020804964646,2.890640509136847,0.4466491817134241
NGC0309-45,14.176951735167917,-9.905408963388744,40.40233633764797,9.967782418153591,0.3083488640678022,4.132273883892352,0.2937369073090646,37.66193495073588,0.2293044839375407,13.012779363655133,0.2450270006087496,5.505948802623514,0.2923507536328956,4.881676631870465,0.2886128922644356
NGC0309-46,14.17446242250689,-9.918285038579668,20.25938363468667,10.254204738583477,0.2898150354154951,0.8841006152137434,0.8533590811532339,38.89169468466011,0.2259732115522193,15.41775307641841,0.2382052779935012,5.518100633403696,0.2272584074518297,3.43915381128496,0.2243554470391243
NGC0309-47,14.17779633282052,-9.919941835261108,31.8635172811836,13.6364575258513,0.3367960370037354,2.3731946429218698,0.3338249880889988,50.55918924013807,0.2515216211825446,19.355904699999936,0.2364994755379063,4.857409488915012,0.2768669897469869,6.454681401366825,0.3169490221872111
NGC0309-48,14.182922862297948,-9.910414924445456,23.29207390668156,6.677726404329221,0.2731097899826292,0.2743549098407297,0.2007737151384666,27.41537431346436,0.1813168660606093,7.167382338237566,0.2032812742103569,2.822956740880465,0.2330811165262559,1.9557368814363223,0.2462318253760665
NGC0309-49,14.1780654602663,-9.905474854973887,38.03663128946801,8.135310319022993,0.2508397877783741,0.2213999123471218,0.2508927223397398,27.24173927468029,0.1863108890803527,8.761153096125026,0.1651249124739149,3.761146826282983,0.1924134693926772,3.435918423156205,0.1901886696325168
NGC0309-50,14.17951020523453,-9.921570327865844,22.765504183588128,6.019464823806524,0.2064233208779905,1.028171020400151,0.1940748383683258,31.120473180169203,0.163790833557404,12.782594947245435,0.1784764195506378,4.109595973045539,0.191272848757218,3.681703239083272,0.1776284894562362
NGC0309-51,14.172900325043589,-9.909786779241236,25.09940826963691,9.976423275423588,0.2715890513483887,1.835058984669663,0.2726551960420525,37.918623619735314,0.1986954263308496,12.228627024852974,0.2095614889903419,3.5455607165407685,0.1875708203225155,2.1964878934301817,0.2147902538206962
NGC0309-52,14.167967000426165,-9.907667359689952,50.87543299508742,10.058764096642872,0.2942807573621209,8.992497377834988,0.3610230896897548,30.38286795611279,0.2150498976633094,7.278336586286208,0.203153692393315,1.7847197369781704,0.2986230870415137,1.5403554087345404,0.2910054316752449
NGC0309-53,14.176553050048534,-9.919694023372474,21.09554579627337,7.55823271391817,0.2346895793870212,1.138260279055883,0.2518060818470042,31.823715207956297,0.226019563922905,12.38282434354385,0.2431054277407714,4.41166585550692,0.233413020711265,2.460253247849136,0.2599824449906266
NGC0309-54,14.185420089334585,-9.913215909675843,28.84835270358056,6.989787622481984,0.6471539367054606,-0.0946119134877618,0.5372221178923939,24.275043508442813,0.3485653787406485,9.240987021420246,0.3527799717192455,-0.1651031400960296,0.37852610343551,3.5356530923352434,0.4726714156075642
NGC0309-55,14.182140519386987,-9.912231819523882,16.07980263064529,6.7143223347976,0.2348841912827483,0.1933351979820709,0.2456589728949605,29.001700732768096,0.2112343696863849,11.756558110766235,0.2530743008053115,2.672328059668849,0.2471867512511007,2.143889245875552,0.2577188984149718
NGC0309-56,14.178824701583446,-9.902631349139115,71.04716057020491,3.608456097888216,0.1463442674979871,1.6381601674895323,0.1979552170839004,13.545958028662326,0.141669633506924,3.915314471900196,0.1137924189493658,2.196499424959871,0.1205756873755183,2.6864323144304505,0.1559159153277785
NGC0309-57,14.17239909140738,-9.919843588373151,31.343967466456856,7.660468301078297,0.3274577231815286,2.2150868226058025,0.31422191409671,31.003816179846,0.2514909259009975,11.23043475935825,0.2743687175724375,3.956519537469105,0.2916084460296739,2.077001669407896,0.3684932984703288
NGC0309-58,14.168074709985602,-9.91135947174424,30.98787989030197,7.077523543028992,0.3004364590336577,3.876871734333689,0.329111743253036,28.36907250744178,0.2732486193330189,8.337958453767476,0.2423709901711837,5.130254168232588,0.241028697736947,4.64585130985819,0.2881264253050776
NGC0309-59,14.181910107544056,-9.91041554799154,17.605226214143116,6.418633782670039,0.2609226655175689,0.9579076127308608,0.2523825775271924,24.47420338403768,0.1904219343216423,7.7918719741472815,0.1774884513593042,2.6192967156684506,0.1989999777927901,1.254078177827773,0.2051382543543597
NGC0309-60,14.178727528645137,-9.906572708473416,28.23508399793448,3.1694389097979725,0.4174791093779019,-0.9191531099430992,0.6121169231002518,23.47209996801561,0.3606230461553366,9.50841135713332,0.4067303547297661,2.562309515863412,0.3841478426323689,-0.0156302574128818,0.4007512098471087
NGC0309-61,14.179200585581585,-9.908942944911589,24.7798417536888,5.669738792154654,0.3279202404051154,0.2252220660398134,0.2286769406864222,25.59350078251048,0.1695369873475082,8.349393829473277,0.1946417875466992,2.966122020070876,0.2371431557009125,0.518853502081179,0.2212219885056597
NGC0309-62,14.180507476305284,-9.909871177054558,17.692130427150097,3.900832568120298,0.4582248285475326,2.8957556669649147,0.6872022347551672,21.79471171386988,0.4359519697239631,4.787304318796462,0.4304670349685406,3.3164990550578533,0.4136325991034491,2.339269664518241,0.5522076511517865
NGC0309-63,14.165980925010787,-9.914048942499448,16.259680894602212,26.10300437878499,0.3742083005353946,8.771958280666196,0.4635460960261123,46.87515069754993,0.2465423962637435,12.34557883179251,0.2513986720625455,5.4003408098812455,0.3449297734376311,5.455523113135898,0.4072174798739015
NGC0309-64,14.174046541458807,-9.91969217796489,19.242120818969525,8.243706572272135,0.3228363698395237,1.2889317161609324,0.2977036662398574,24.573145982381213,0.2711778452555252,8.167268277645151,0.2989835336047802,2.061112449725892,0.3448796185210686,1.2095096749712144,0.3084456353962352
NGC0309-65,14.180264923515184,-9.910888407036635,16.064123020642153,5.860658515725139,0.2442109051837316,1.0617287364936432,0.2875966000974665,20.052749248098536,0.197374756449987,6.623177053531188,0.1987547103058544,1.1417945122669668,0.2388689126542676,0.4701769302852535,0.3389222818003249
NGC0309-66,14.173788828239683,-9.913089583088931,13.987101824583668,6.204914889207103,0.2248137524257503,0.7756442119143917,0.1900860016061469,24.876667511191474,0.1904374839106542,8.056654106398119,0.1846675357474724,1.2244030173701084,0.2455422957546699,7.929931068451696,0.658855526223792
NGC0309-67,14.172574278205248,-9.911300104166918,17.782167385692656,9.914197653608962,0.2930366529010548,-0.3377872057808407,0.2688413850345615,24.23435591406904,0.2041325375440557,8.629049862711373,0.2322016735305251,2.4790136186708605,0.2162888476791215,2.195840157325696,0.2477348483392314
NGC0309-68,14.17075766893404,-9.917447260304868,27.65053081695592,7.958773794022142,0.307496852117132,0.4309642699821669,0.2091123904345112,26.214933742450256,0.3968563521155432,7.9246128211632065,0.1963394900533041,2.1939329095210294,0.221262546059364,2.2160582124125145,0.2159589856908021
NGC0309-69,14.165832611823278,-9.912566105714928,26.23443750534973,11.103802127581057,0.375648859654956,3.4139610591528795,0.3601689531641867,30.891129442307268,0.2532094789444872,9.736628343974834,0.2497138477364042,4.127739124864242,0.2970161735409728,5.332896201891375,0.3132880998831376
NGC0309-70,14.17384355105104,-9.906067809566292,30.381581983564963,7.176012534667865,0.3077838135695125,2.309398194909367,0.3033663899728798,29.054311943415964,0.2154251111128258,11.366775885168392,0.2534174718505734,3.1503987421109456,0.237665243284548,2.5356796340759478,0.2971535925528197
NGC0309-71,14.176117690149688,-9.915572933626432,11.349433777516788,6.74399710703507,0.324199668898064,0.3546085318812565,0.2535935394266774,22.69495998231482,0.217609635666414,7.029724068958371,0.2221826004948847,2.136903769904268,0.3784971811160129,-0.0435782066830105,0.4266249580509937
NGC0309-72,14.169979087235612,-9.911272281514451,26.423203599044516,6.655389619411428,0.2742304519526715,0.9716705283460448,0.2436578481131572,17.12601695534826,0.2135353186032234,6.924947471274017,0.2275810277653814,2.2329380402226966,0.2407199230189315,2.0534910076117607,0.2909996140458003
NGC0309-73,14.166102346639928,-9.915344103190932,41.83617329025243,4.06823054809148,0.1708619062077055,1.7841872431862364,0.1903414725069636,17.712047732004034,0.1203952934982925,5.056226281842358,0.1313505242195413,3.862157807698732,0.1465944935206679,3.535670701789698,0.2079811602238291
NGC0309-74,14.170396212462116,-9.912351759692909,23.672910612721743,4.617409478519613,0.3505701516520828,-1.008474769813368,0.2082030193148729,18.17920850635993,1.2085767197982906,2.47013661655222,0.243914038199296,1.6106627846743231,0.262896598983696,1.919806331035938,0.5342153757035846
NGC0309-75,14.179795985107164,-9.916077864188647,10.517346262678071,6.275557377328593,0.304960078070649,1.5212304091241808,0.2363868322115854,23.385816494217973,0.1928214702143872,7.0057888748940655,0.221458559026595,1.4754098844853645,0.2702287351368748,0.8872473074306687,0.2741738673019122
NGC0309-76,14.178802416013044,-9.916410104275144,10.33327826651492,4.86219402819267,0.2250015990315331,0.6883727906478815,0.2081095559999486,16.88282578699404,0.1681861598931416,5.33497236965368,0.2006755135977756,1.5301613175790052,0.2663779866917849,0.0175617538990728,0.2284766213683513
NGC0309-77,14.182472724530722,-9.914499892616517,15.016595865852256,5.112913515691282,0.2371206396610665,0.8911027145441441,0.2230311936903056,21.68610488038625,0.1760671118422195,8.664268214923583,0.1687136230084664,2.417017441106316,0.1927008782288706,0.5032032466082952,0.2378101701208786
NGC0309-78,14.175638491338749,-9.921875381832011,21.75884534108344,3.949123565445788,0.2134491911278204,0.010482798261766,0.2052593868045282,16.56302352770768,0.1747745910110324,6.031631675041742,0.1610404328849075,2.2846365314460257,0.1993980601589732,3.1505530456463555,0.2075018068797645
NGC0309-79,14.1756573099029,-9.911557486245872,8.80137633638665,4.023869559644028,0.2320785953435268,-0.0863922089149756,0.221195348914229,15.648211782854984,0.199644082085599,5.017327376878458,0.1991929213610989,1.0136567664458511,0.2223931324277794,-0.1760889663297253,0.2173940871407534
NGC0309-80,14.17191117501189,-9.912547744867148,17.480885709070304,6.775456556284139,0.3039109180850611,-0.0723585556876303,0.237329767022852,23.2925756364516,0.2371450996313208,8.392036863339737,0.2291676143616198,2.41223249795312,0.2456002304163394,1.0964357341173194,0.3939803194629409
NGC0309-81,14.183385534974,-9.91132780070596,15.001228070599923,5.297759781614493,0.2980942687674211,1.501784009363584,0.3195309281783633,20.135556820567288,0.2143684851556201,7.170933011453824,0.2293124915298511,0.7963773792012707,0.3372478318960255,0.8514900009344244,0.2677687547103777
NGC0309-82,14.176807522692416,-9.916327457753972,11.019038839890571,5.388832607487238,0.6179584452381899,0.8047245389826727,0.2160763540632184,17.23582902996067,0.1834360086772635,4.900757674651536,0.2035955778500478,1.073184229495658,0.2002020897349809,-0.2502331118848754,0.1833969091117178
NGC0309-83,14.174858372545804,-9.911957523733436,8.397497561877003,3.0244859498480987,0.2262213649968776,1.3010205236523311,0.2464456478738911,15.527763894458555,0.1810237210356526,5.397653974293855,0.2114712760346651,1.0529377311199286,0.2800587552962953,0.91234391744105,0.2787644716699978
NGC0309-84,14.166049928010764,-9.91600342821805,45.7354638887154,1.4411405346099206,0.1347768044224413,0.7206334301566569,0.1391601425591101,5.515383202536743,0.0753928143927599,1.5523611738686935,0.0863961351690773,1.1088924629222978,0.1303161267829926,1.069852626907446,0.3794397573812303
NGC0309-85,14.17945017987085,-9.911006334904522,12.082807032308486,3.665412665956141,0.2306890550694127,0.5835506206766145,0.2874568576857891,13.68470171654758,0.1862910999868069,4.305905827499753,0.2058519951249589,0.5228207330081355,0.2112181549079945,-1.4795073044281506,0.8200403200551162
NGC0309-86,14.165184810226206,-9.914511622580736,20.57889615923282,1.152651169278928,0.1274915049106565,0.3225304754872263,0.1914952031107553,5.102201591967779,0.1090587130811598,1.3131988409700277,0.1227109298246728,0.831625626672359,0.1864857707285241,1.1943722347151602,0.2092602531250784
NGC0309-87,14.173979801744542,-9.91640846801636,11.253596337266483,4.123282732113417,0.6162177179582439,0.9016716884796668,0.2677595183538815,16.28115890652089,0.214069218084739,7.332493973474087,0.1959425758304746,2.5655062285376773,0.2004236565241997,1.323709135179389,0.2673288588677727
NGC0309-88,14.171532630443552,-9.906066367606202,24.65391881398823,7.5525726236652915,0.329320927891847,3.193261972565984,0.2793790585684611,24.84909279307169,0.2577243065648746,9.142367683697705,0.2625257554720209,2.490202488546348,0.2888938602893443,4.207608579937449,0.2874070145559756
NGC0309-89,14.1723551771793,-9.918673986257533,30.233222234828844,3.677660523769093,0.2569053515661775,1.987558960193787,0.307040800040431,20.850693010557176,0.2200934218087833,7.917541974978521,0.2272762467600235,0.1533182230421091,0.2540834163041559,2.496663912333741,0.2875273562304144
NGC0309-90,14.170155994626166,-9.920412748220729,37.67455936917378,4.044295666149813,0.3040099555596929,0.9980978541340636,0.2566073579700162,16.67138266024135,0.1996472738183177,6.19022457832576,0.2053686203524168,0.6470024791300565,0.2692136669029745,3.526101810944435,0.2570184048143036
NGC0309-91,14.177980332328596,-9.902717062186714,48.58497286443368,5.313171986471691,0.208661445425307,2.588262856355904,0.2224982929487049,16.958466995006148,0.1663919503651291,5.483532185956445,0.1311839593320809,2.5885590989556158,0.1600748157159663,2.719640556892829,0.1832711537934733
NGC0309-92,14.1708301888144,-9.91445029013026,17.063017825096036,6.378244242716347,0.2537500762382775,0.7946272530201672,0.267261052683434,14.02995447131931,0.1700703270251973,5.572979861274501,0.1822239983437193,2.117677768369333,0.2252088786047359,1.3964660614133388,0.2480946999557107
NGC0309-93,14.182895445637977,-9.9133243841856,10.846263768694143,3.061157873189324,0.2457589044325441,0.746121196543782,0.6810052881184805,18.227756939066907,0.1969336694109693,7.498406310565567,0.1945417630970556,1.8886693343485452,0.2202059533722142,0.1730284308202765,0.1977232870311557
NGC0309-94,14.184920040980268,-9.910562077744531,14.78228005558922,-0.0184688835120473,0.5155494118483039,0.74666142954696,0.4938311449722133,16.164231451559914,0.4414232036620509,3.5901883540640003,0.4308968265271687,1.5070170277967685,0.465026711224885,4.011282552949127,0.4713229541603898
NGC0309-95,14.185608409677217,-9.91410550417506,17.414317019300714,2.8983018892137657,0.3466066542417984,0.9147902543696946,0.5148076689451094,9.51155783664921,0.2625539062457835,3.495858586950421,0.2479781637250383,0.1461669577521115,0.3213963120571811,0.4259309407164058,0.773744279542988
NGC0309-96,14.182661359011322,-9.916522172628524,11.717123512514489,0.9148412815239876,0.2768374744453629,-0.0966328399485195,0.2818981815295288,12.407529917975715,0.2647652866676713,6.031462442856888,0.2384299031370657,1.171884504487574,0.2920470303738013,1.1646199100671994,0.2747443027772467
NGC0309-97,14.17519653171802,-9.915677960513191,8.330807467769016,3.185978073628024,0.3146877593481308,0.8189173789051979,0.2546319495992848,12.51404716125591,0.1841476841530744,4.332144072567557,0.2184549961509093,0.0831026073547103,0.1980622115724284,-0.3933886335919291,0.2822943012613246
NGC0309-98,14.181083156454823,-9.911830238925743,10.981332715149662,4.845285298894242,0.3071413441002929,0.4371516845639244,0.4639882230629528,18.46567020645772,0.263533428058476,7.444329471968153,0.2173843237732594,1.1229363976549576,0.283156196787533,1.949408487014814,0.2989367172329881
NGC0309-99,14.184754485278251,-9.91402055684222,11.888295891281809,3.116776947838436,0.2450179299090747,1.005050082119576,0.7521828370701957,10.842114422440218,0.2102957704833376,4.678246133778597,0.2080719649764036,0.9027054886536772,0.2399717507182296,1.3495470948014865,0.6100162545419402
NGC0309-100,14.184314310255909,-9.9124460381265,12.618374197139891,4.9783036715068745,0.3509215746142377,-0.2382181386710305,0.3137591282841895,18.28102663757173,0.4973077918265619,7.330747243379821,0.280237583207992,3.34126369718934,0.3477497551975325,3.230954455800283,0.3215233315193509
NGC0309-101,14.183734699550618,-9.908155007709125,15.11214649608708,3.356631680498053,0.5660398248266619,1.5192120660598871,0.5646871674898192,11.85357539957118,0.3841995387877217,3.2062168752174727,0.3781399468849286,1.4245049178818454,0.5267432059566657,0.364841397736978,0.519268633722828
NGC0309-102,14.182833559397896,-9.90736225595266,17.141375538172568,7.025682054430618,0.481217049919862,-0.5281047463225617,0.3813501758126162,18.07780310411812,0.3539703868056789,6.615164664559037,0.35588454148908,-0.8126180363668565,0.3753029008261667,1.858169571816011,0.7940069363287618
NGC0309-103,14.176415621013687,-9.903384263712065,22.96928999236677,4.855236812538212,0.2829876886342261,2.4641370149652286,0.2473310965124067,13.714519217554075,0.2156271764254568,5.414093538586033,0.2485795723684488,2.436528864959193,0.2120459969766422,1.0275223212054072,0.2168184869301028
NGC0309-104,14.176450203895568,-9.921952900842957,16.606603158730152,1.7491155509417546,0.204529984818213,0.0806777526433845,0.1890111375974121,10.547711620324137,0.1575307942045125,3.994292716475756,0.1514636827722793,1.8873189633122476,0.1807556574308932,2.328897100884068,0.1712189826261563
NGC0309-105,14.178855163242064,-9.913999456015231,2.839389369613774,7.106101483960924,0.3857796916476169,4.611142273042986,0.3338318694193629,18.34532031573561,0.2807841895525547,11.569844206120454,0.3157876851873194,2.21845401963292,0.3651137398637011,0.7686844857381103,0.3920586377290946
NGC0309-106,14.17354028100165,-9.911130034872007,9.629681367037282,2.2237039032503287,0.2419977606969647,0.2690492210282304,0.2896430497756227,11.06854807306505,0.1998087528891979,5.325443133624493,0.197381740832028,1.272442915662946,0.2062192747066885,2.064740685092388,0.2518097260756896
NGC0309-107,14.178329040389144,-9.921635522890927,8.661912373215591,2.6637472110146625,0.2344382020837493,-0.7043481639259367,0.1855641531616775,8.406885193299738,0.1638912142486429,3.4752985862137145,0.1508164763100502,1.1531094838722664,0.2368741224033106,1.3877308144925984,0.2300954426865883
NGC0309-108,14.1798360689337,-9.911833644820517,8.347850590288333,4.022023808664648,0.3500730967903989,0.9763684783269052,0.2686341097086758,11.97554972008453,0.2156267855255589,4.151973192279376,0.2123453294371665,-0.3760139113455018,0.3864097689324441,-0.5601200453469753,0.4450748030257386
NGC0309-109,14.172545465173304,-9.905598637724088,11.86100004410912,2.4373984429882114,0.3371656770140362,0.3530359753161187,0.3580806527404592,10.002754180227596,0.2441991073382225,4.2130577491562935,0.23782010403752,-0.2502088894745238,0.2824941234356667,0.8013779339309578,0.3000413447594079
NGC0309-110,14.169803671467776,-9.914025467811348,13.421693895653616,2.4054874254836305,0.2107743963887293,0.2654747826714072,0.2142000829580324,7.641171643675514,0.1284180427394507,3.589560334003181,0.143919904389709,0.7891661787375268,0.1470778212638266,0.945199928493821,0.1657959108528036
NGC0309-111,14.166607508630438,-9.91196820555585,27.24451649356584,7.648092556948391,0.3417870793706033,1.1581287578249664,0.2907861543302424,25.734045787308848,0.2959683937406151,10.03581917442883,0.3536087444561441,2.741602547295485,0.4091118994414912,6.088480064113365,0.3584803035170584
NGC0309-112,14.181912512387695,-9.915462846846088,11.3627035154257,4.224597861717684,0.3100219043757835,0.8232708351197746,0.2567107555611448,16.31357626581785,0.1839889649789605,6.183328436698607,0.2102908863736579,0.9900311863191292,0.2644545354688836,1.0993676693958985,0.2028599909601349
NGC0309-113,14.183844267317674,-9.91382199553917,8.868101928701362,2.155909291532021,0.2840419899718464,-0.0429389002965073,0.2496745130386472,9.87011452410961,0.2256592714195973,5.240910340487904,0.2202390074180655,1.1503213091911686,0.2489827642988219,1.059065646209547,0.2596718522342817
NGC0309-114,14.17259959235004,-9.92142967117671,21.33396623948998,4.508298035535084,0.3113776161331096,1.2984625137646588,0.3162169217354293,17.062150989687456,0.2091052071804504,6.757494225484644,0.2239589626298691,1.8234790225319777,0.2524801221596655,2.6374418457453346,0.2667606013206697
NGC0309-115,14.169848782348636,-9.921309003278155,28.772553248166037,2.5167478230725,0.2242692567554823,1.3792669439623635,0.2247795877614399,10.368925483523892,0.1469382640853145,2.6303319834631305,0.1624005078820902,0.8850701063606927,0.1880379713182878,1.1001418847248188,0.1849902632444127
NGC0309-116,14.176976350214472,-9.920582696196876,9.302859990991712,3.484503992066632,0.3217417309665694,0.8814208754978696,0.3004082568419601,14.424486280658606,0.2410902747141662,5.5586469503602,0.2314631610031047,1.3435943303797404,0.3279422567663101,1.8314593884661987,0.3483149016344859
NGC0309-117,14.178438133564796,-9.91477827656824,2.234357323281675,7.382308386983392,0.4041987712982112,5.921775213829166,0.3781673668714746,15.09472789109625,0.4638301960876391,11.115001298609709,0.5222713942880497,0.8889725074328586,0.432946254268147,1.022406629845921,0.6215087547190482
NGC0309-118,14.178306645597951,-9.91079106235333,6.025618043255321,2.388536046981864,0.3369931358406495,0.2009987498559362,0.3255144771804228,9.834221511407616,0.1969225008971285,3.9432771719918702,0.2155936241776783,-0.199217575986742,0.2838778282749107,-0.4325166753774959,0.2761442356269728
NGC0309-119,14.180924188396446,-9.920208927516546,9.266728016233968,1.771080940075654,0.288461991467966,0.7946304927595158,0.3764438153683899,10.4042332444581,0.1969769919493046,2.297748842990667,0.4391017161247292,1.456109929631327,0.3290355771099802,1.5954179933281587,0.4606690192017504
NGC0309-120,14.176286954455438,-9.910465934400984,6.733123927526327,3.723798770679127,0.3038268918426993,0.436886227085768,0.2444849765407965,10.661982812896058,0.1996990406285163,4.013139744023678,0.221576129926157,0.4064666280886836,0.2241372065177133,1.10152958705835,0.2697859544243991
NGC0309-121,14.177373048614486,-9.910507019439756,5.711950007369859,1.6730763560915307,0.326438791008949,1.375298817897867,0.2703091640635516,7.432824045863351,0.248251056023433,3.0229686561648386,0.2167834308061177,-1.7832277419125573,0.2104267836794892,-1.2286752323481438,0.2640965864816159
NGC0309-122,14.168894828870918,-9.913731110485683,14.589719828152942,2.9731346747747622,0.2201561805579439,0.249275164272788,0.2252557857529515,9.01054437885882,0.1720758792110807,4.027120792135966,0.1816688357661859,0.8266819453411596,0.1913137987244032,1.578932459036559,0.1970534243248362
NGC0309-123,14.171092699356878,-9.911336138153592,12.110531362377625,2.953990433803743,0.2889571891034149,-0.1393072695778319,0.2366242891316456,9.919950448904574,0.2102506576756725,3.534259070024726,0.2240045695996744,0.7024817503829794,0.2479211226540332,0.9455502749008836,0.3060667997360456
NGC0309-124,14.18262201907769,-9.906105491982062,18.43404897508695,1.984322438988643,0.4524042533040941,-0.5850693381795963,0.3376585877403144,5.572052308654019,0.3253596301128193,1.7468510341535668,0.2841956192773959,-0.606998265246028,0.3703339415583674,-0.6520137910708186,0.3627787269362467
NGC0309-125,14.169333465714738,-9.918823854974653,22.3311576660454,2.42147083232912,0.2348034159079308,0.4378325577449621,0.2099047814064208,9.530336209435292,0.1438877886537596,4.562091099084916,0.1429329661367028,1.8920907362807613,0.1842356808193484,2.055875053342498,0.1927237247171614
NGC0309-126,14.176534726540137,-9.91135312583328,4.322175137749626,1.3755369493775722,0.2276124492158608,-0.4824153940125526,0.1906524981771728,7.116148462366507,0.1624921879120744,3.0744253528131047,0.1608021160112698,-0.2821107106220888,0.1878468801681818,1.2398189671686723,0.2340276933304489
NGC0309-127,14.178382746537464,-9.90354544789058,33.16270809275987,5.990416971809695,0.3174700220440689,4.504376308132036,0.3785478480867686,16.675333406569237,0.3159172062228622,3.94126197838634,0.3245797924996484,2.5158554444479275,0.3722809892455458,2.072329432135774,0.3249194228234187
NGC0309-128,14.177385427633151,-9.921932023480602,7.864303590995159,0.5450923681938721,0.2111022267218038,0.6537658313474054,0.2232238524208412,4.727699634968218,0.1626461127048604,1.9127994981476195,0.1492106785065328,0.3530612212918949,0.3715705221842673,0.599525006593777,0.277594473364543
NGC0309-129,14.17561923821395,-9.902713014570333,16.187798119822354,1.330380309365661,0.2212808359491409,1.72166105785165,0.2390994919674271,7.168398490156806,0.1700141332747602,2.101338240689357,0.1705832852190272,-0.1012195725917651,0.1953923834494811,-0.876533915116028,0.2150966559469373
NGC0309-130,14.179596903417414,-9.906162265721791,14.267701463914936,2.241191597003161,0.2366589788010994,0.8496405334861757,0.4208853997170467,9.454840160872966,0.2017388124505514,3.3562179384063557,0.1979856073140626,0.795223317357284,0.1918868512954013,1.8353409874333688,0.2072923939119992
NGC0309-131,14.169935812016428,-9.914985221253689,11.569830191017637,0.8965361573054553,0.2736728185103877,0.5650351187721745,0.4854379127101674,7.97357144352863,0.2030345303273483,2.872448269952154,0.2146396302991661,0.8028634003886166,0.247499035892345,-0.6830947105617953,0.2350743139702378
NGC0309-132,14.181491611181848,-9.90735291039693,16.053021171510046,4.15098122912557,0.342421422594297,2.7110600062148413,0.3483395032714017,12.417990717829712,0.2881071538443208,4.355907272984164,0.2710982277522711,2.0059948282081206,0.3678427404621068,2.400517885935029,0.3286343118087911
NGC0309-133,14.176323107971722,-9.912453280677424,2.6105645651690463,2.935211359200121,0.2774227872546428,-0.0363300082052965,0.2747930502703948,8.164565313027978,0.4500207473888722,5.153270456263944,0.2636805692870314,-0.7080019886511059,0.2882573287120525,-1.8965102055227128,0.3276184834611647
NGC0309-134,14.18358507834798,-9.909388709735657,8.822503721954766,2.34246210804456,0.4139655784230663,1.2740208093050325,0.4546927653453997,8.878482269688277,0.2871659215093246,3.881197876880032,0.2671140423637232,0.8126741784493453,0.3611705517187507,1.8464450551415532,0.4382008766720126
NGC0309-135,14.17453570881075,-9.904780127517451,14.33913449049127,2.1052564143940327,0.3732411118109262,2.04960876130544,0.3500039193011512,9.13942748467808,0.2476117449185165,3.7057890342124455,0.3107696839334229,0.6430049437712202,0.2814742616844964,0.6560324296227216,0.3424088394065634
NGC0309-136,14.169157810895314,-9.921242561539884,26.47896239581807,0.6083988206288944,0.1385727232958663,0.4312574844183517,0.1450338287796688,2.876853279700141,0.0932001294583374,0.7111384915702672,0.0953514049045603,0.2634961340252125,0.1135549675049133,0.248612979972943,0.108360933092585
NGC0309-137,14.180706371525954,-9.906713575226672,11.409591720842812,2.1224926221109794,0.3127332589246517,0.864216750882109,0.6077615400135996,8.794736425966583,0.2046059569902091,3.34500941508086,0.2152404208679302,0.1322378592212583,0.2515969800424395,0.9190272590700488,0.3163103224172818
NGC0309-138,14.184550564505162,-9.915759434912363,7.64389622475407,0.2439280621820141,0.4464505007571454,-0.3615960504310586,0.3784568164764814,4.241372706278603,0.3656750397787832,2.2361481085652657,0.3263844876768254,0.028909394533902,0.4349279549366483,-0.9132530459985996,0.3711358558466837
NGC0309-139,14.17883810868592,-9.904844665807126,15.75049253075948,2.5780045263935416,0.3406986701352499,0.932054859365554,0.3169000097804744,9.642766304296448,0.265241510321671,2.133566622375756,0.2938619032210668,3.0659262178390043,0.3501636736361549,1.764366201258863,0.3352441053580853
NGC0309-140,14.166765404417614,-9.908038279174315,14.975165052516578,2.261669115877906,0.2741262164401281,1.530664503266481,0.2755583693085332,7.336599273881889,0.4793937297834936,2.7384944588193694,0.2003358860789659,0.8541954126139127,0.2312925669336109,1.4085227756258616,0.2328104164532209
NGC0309-141,14.180143683853622,-9.913306075863826,3.479634504077859,1.2966454160295382,0.4465587358927293,0.2797403977956884,0.2603111593336218,6.201935078663333,0.2284634949592855,2.1675510966338543,0.1963764976856583,0.2246595107295267,0.4304549167660809,-0.2917038048263165,0.3132741869985648
NGC0309-142,14.166108730727926,-9.908687784018472,12.024625588048234,1.74090417879118,0.2280102756930505,2.048809518520832,0.2397511869435308,3.6450265368616472,0.1454942554861982,2.0077454587159664,0.1656533677387201,0.361570612150266,0.1866958055545546,0.303839709088949,0.1994719871057113
NGC0309-143,14.170934785088406,-9.921184741086456,17.22937555786112,1.3593158099506055,0.2958015808922481,0.5555995993353448,0.2668274400747401,6.556871676055343,0.1877660535123113,2.1106512054506883,0.1867355610508461,0.421390105028963,0.2055788935273133,2.021748414576913,0.2425586020583
NGC0309-144,14.167478235123989,-9.90992329171952,9.932004454386952,1.6712578489348613,0.3242178160373996,1.145835536271402,0.2937774300134575,8.418926524226775,0.1871547951896019,3.449826753388868,0.2007427882083164,0.466623739646051,0.2527110860948671,1.891774241291864,0.2870218750237899
NGC0309-145,14.184739712482648,-9.90932931577849,8.285803524205457,0.7071659978467406,0.4963000581368,0.0191324505775628,0.4883346875312715,2.380687066760975,0.2628319455181177,0.981651647155855,0.2945037930686031,-2.134975791104244,0.2835236992334554,1.0940384987941305,0.4231760105573849
NGC0309-146,14.169044035658512,-9.91658874245759,11.382020372620836,0.199829258710641,0.750189209913316,0.1217983345789891,0.2654071170925819,5.626184109194565,0.1873885224598996,2.9052086192991924,0.2034625721047617,-0.3453848284423158,0.2678369439122573,0.3997949491867515,0.2817549050234572
NGC0309-147,14.178320136131925,-9.9118967343311,2.7487733651967408,0.8651944168157637,0.3399057617532444,1.2323181539417687,0.3287402663005627,6.390810704702042,0.2578180770811138,2.112980549351945,0.2663370096971087,-0.2297186762307192,0.2782406159275778,-1.5808055627477824,0.3727682442269541
NGC0309-148,14.181724246142393,-9.920690396209247,6.206102664000633,-0.5574034105685393,0.330976658173034,0.0068141731828469,0.3067727811736709,3.095028964641404,0.2399724017093413,1.0672193159146557,0.2521116886749001,0.3776249262603789,0.3959245506132858,0.2114255788937575,0.3205859410049205
NGC0309-149,14.181675640866253,-9.905601901668907,10.157309263397796,2.065193579781354,0.5121376164554754,1.5819415409184958,0.4543467425861318,5.47080099059194,0.2777006482939677,2.194246824162666,0.2899057196534017,-0.8668301061764352,0.3509736896503391,-0.1409352516262363,0.6834073277796942
NGC0309-150,14.17812022723508,-9.90927720269528,8.390545652400956,2.9321222216669764,0.3456541871316827,0.0373060653918572,0.1778682911259341,8.70635622089425,0.408063326852839,4.108526567206686,0.2181423036066169,0.9124387402037436,0.3247785963953141,-1.1482753988763876,0.4359825840049711
NGC0309-151,14.17704390781769,-9.918700771277663,6.087889116028322,2.548453321447152,0.2162800951907656,-0.4344676693353229,0.3732468904409476,8.779668177148514,0.170327569710352,3.966387758438856,0.2163987089866536,1.2823779984902253,0.3012171804177285,0.7986974092544911,0.2778106957669831
NGC0309-152,14.180901703400252,-9.918182900108189,3.951654030882146,1.647976678371625,0.4919835637546642,0.6994513113343247,0.4809047074366029,4.582130009213982,0.3015815180836577,2.25471806784764,0.3431806902942388,0.4984780029735948,0.3600247332938568,-0.357062219567728,0.3397617542724266
NGC0309-153,14.17971681780421,-9.90284053763205,17.262784061243476,0.8526816089128093,0.2034394876987182,0.7782461577096602,0.2276624329662226,3.587466798759832,0.135361914893706,1.3829295526323124,0.1428915979671436,-0.1972590326123269,0.1894572361716792,0.3224565785027223,0.2128578340420479
NGC0309-154,14.17933634676707,-9.91929704867499,5.275892590641409,1.712493373325665,0.6673215571507041,0.8105847007119534,0.2163008390879836,6.917591088070799,0.1807792510831996,3.761446840745792,0.2084920318886119,0.2671499599416889,0.2895182346849853,1.7964555103091358,0.2043707003251595
NGC0309-155,14.166892089689886,-9.916238311468527,16.448212224940505,1.3556337083877137,0.2137046814117675,1.1726322695502132,0.2369997684289629,6.833404530441484,0.142912349289814,2.242098914004411,0.1578993261477246,0.3032167648149838,0.1628825896761885,1.5486394849366751,0.1806750791286432
NGC0309-156,14.182181743112029,-9.904962515133851,15.964024663901252,0.7296508592200384,0.8432221051991396,0.5626674096227542,0.5256859072541467,1.7892814564173831,0.339402646106371,1.0690984654576745,0.3268392804198497,-1.2808483715111805,0.3532529013174506,-0.9289262874491594,0.948242948217804
NGC0309-157,14.182850279003429,-9.91753029872057,5.286823008180199,-1.3193876844040298,0.2541679607816707,0.3238014401263181,0.2892768350588495,4.764615882820715,0.5263749973637014,4.80826738645415,0.289637162859287,0.9240771300288316,0.3610114635333358,0.5340337107360473,0.3485377668216317
NGC0309-158,14.178307175130351,-9.918145588945334,5.3335911175628095,2.130109219993338,0.2336986339172936,0.5611026152137586,0.397674502111545,7.21055193018056,0.1770568986479829,4.269580432737493,0.2002629363984509,0.6670298033843326,0.2145142294960547,0.5484506975719408,0.2162137719572569
NGC0309-159,14.169069423382323,-9.917519620453666,11.65773721355044,0.8174683571636567,0.5427771474477321,-1.1305518104567622,0.2102542655995146,4.762176063810943,0.165086035986197,2.3347406195417264,0.1978483087250951,0.3005603103068803,0.2314417474988694,1.314031642231981,0.2530915812252998
NGC0309-160,14.174945730860411,-9.917119913481413,6.477119725120646,1.7477599656028426,0.237903850671623,0.5069048018817359,0.2641079250665182,8.662419482041983,0.1861459296898427,4.567150858916944,0.1818120469030248,0.1298516546985461,0.2294061082565553,-1.065801106068,0.2503471439080536
NGC0309-161,14.175913758289164,-9.91796750304472,5.152455115426271,2.207136890373341,0.7908841210018384,0.8901902684273685,0.2512973848249639,7.788941182768526,0.2186409967596903,4.196581569540658,0.216144765430386,0.7922662424409037,0.309866775889221,-1.1698889090144733,0.2405368454987047
NGC0309-162,14.183940006256876,-9.916019304006372,6.079120331915985,0.2322958545300992,0.3896522451546762,-0.3281659188803542,0.3058059585615746,4.928221985381491,0.2931898411723627,2.6996678945708776,0.2906689091675941,-0.1114415101683615,0.3920219598767508,-0.8775376460488714,0.2945703321909126
